{
  "HTTP Detailed Movs: 6b86b273ff34fce19d6b804eff5a3f5747ada4eaa22f1d49c01e52ddb7875b4b" : {
    "transaction" : "HTTP Detailed Movs: 6b86b273ff34fce19d6b804eff5a3f5747ada4eaa22f1d49c01e52ddb7875b4b",
    "sampleCount" : 2,
    "errorCount" : 0,
    "errorPct" : 0.0,
    "meanResTime" : 900.5,
    "medianResTime" : 900.5,
    "minResTime" : 871.0,
    "maxResTime" : 930.0,
    "pct1ResTime" : 930.0,
    "pct2ResTime" : 930.0,
    "pct3ResTime" : 930.0,
    "throughput" : 0.04544628249409198,
    "receivedKBytesPerSec" : 0.07917594528267587,
    "sentKBytesPerSec" : 0.04952934693692056
  },
  "HTTP Get transfer history" : {
    "transaction" : "HTTP Get transfer history",
    "sampleCount" : 1,
    "errorCount" : 0,
    "errorPct" : 0.0,
    "meanResTime" : 710.0,
    "medianResTime" : 710.0,
    "minResTime" : 710.0,
    "maxResTime" : 710.0,
    "pct1ResTime" : 710.0,
    "pct2ResTime" : 710.0,
    "pct3ResTime" : 710.0,
    "throughput" : 1.4084507042253522,
    "receivedKBytesPerSec" : 2.4661641725352115,
    "sentKBytesPerSec" : 0.0
  },
  "HTTP Get Basic Data" : {
    "transaction" : "HTTP Get Basic Data",
    "sampleCount" : 2,
    "errorCount" : 0,
    "errorPct" : 0.0,
    "meanResTime" : 705.5,
    "medianResTime" : 705.5,
    "minResTime" : 656.0,
    "maxResTime" : 755.0,
    "pct1ResTime" : 755.0,
    "pct2ResTime" : 755.0,
    "pct3ResTime" : 755.0,
    "throughput" : 0.043549265106151334,
    "receivedKBytesPerSec" : 0.07595604246053349,
    "sentKBytesPerSec" : 0.0
  },
  "HTTP Detailed Movs: 4b227777d4dd1fc61c6f884f48641d02b4d121d3fd328cb08b5531fcacdabf8a" : {
    "transaction" : "HTTP Detailed Movs: 4b227777d4dd1fc61c6f884f48641d02b4d121d3fd328cb08b5531fcacdabf8a",
    "sampleCount" : 2,
    "errorCount" : 0,
    "errorPct" : 0.0,
    "meanResTime" : 2994.0,
    "medianResTime" : 2994.0,
    "minResTime" : 786.0,
    "maxResTime" : 5202.0,
    "pct1ResTime" : 5202.0,
    "pct2ResTime" : 5202.0,
    "pct3ResTime" : 5202.0,
    "throughput" : 0.061604805174803635,
    "receivedKBytesPerSec" : 0.1073271215154782,
    "sentKBytesPerSec" : 0.06713961188972739
  },
  "HTTP Detail: d4735e3a265e16eee03f59718b9b5d03019c07d8b6c51f90da3a666eec13ab35" : {
    "transaction" : "HTTP Detail: d4735e3a265e16eee03f59718b9b5d03019c07d8b6c51f90da3a666eec13ab35",
    "sampleCount" : 1,
    "errorCount" : 0,
    "errorPct" : 0.0,
    "meanResTime" : 672.0,
    "medianResTime" : 672.0,
    "minResTime" : 672.0,
    "maxResTime" : 672.0,
    "pct1ResTime" : 672.0,
    "pct2ResTime" : 672.0,
    "pct3ResTime" : 672.0,
    "throughput" : 1.488095238095238,
    "receivedKBytesPerSec" : 2.884637741815476,
    "sentKBytesPerSec" : 1.480829148065476
  },
  "HTTP Detailed Movs: ef2d127de37b942baad06145e54b0c619a1f22327b2ebbcfbec78f5564afe39d" : {
    "transaction" : "HTTP Detailed Movs: ef2d127de37b942baad06145e54b0c619a1f22327b2ebbcfbec78f5564afe39d",
    "sampleCount" : 2,
    "errorCount" : 0,
    "errorPct" : 0.0,
    "meanResTime" : 739.0,
    "medianResTime" : 739.0,
    "minResTime" : 736.0,
    "maxResTime" : 742.0,
    "pct1ResTime" : 742.0,
    "pct2ResTime" : 742.0,
    "pct3ResTime" : 742.0,
    "throughput" : 0.07143622530985462,
    "receivedKBytesPerSec" : 0.12445529878201236,
    "sentKBytesPerSec" : 0.07785432367753688
  },
  "HTTP Get Secure data" : {
    "transaction" : "HTTP Get Secure data",
    "sampleCount" : 2,
    "errorCount" : 0,
    "errorPct" : 0.0,
    "meanResTime" : 690.0,
    "medianResTime" : 690.0,
    "minResTime" : 683.0,
    "maxResTime" : 697.0,
    "pct1ResTime" : 697.0,
    "pct2ResTime" : 697.0,
    "pct3ResTime" : 697.0,
    "throughput" : 0.04362050163576881,
    "receivedKBytesPerSec" : 0.08681502181025082,
    "sentKBytesPerSec" : 0.0
  },
  "HTTP Get Customer Movements" : {
    "transaction" : "HTTP Get Customer Movements",
    "sampleCount" : 2,
    "errorCount" : 0,
    "errorPct" : 0.0,
    "meanResTime" : 892.5,
    "medianResTime" : 892.5,
    "minResTime" : 804.0,
    "maxResTime" : 981.0,
    "pct1ResTime" : 981.0,
    "pct2ResTime" : 981.0,
    "pct3ResTime" : 981.0,
    "throughput" : 0.04523249502442555,
    "receivedKBytesPerSec" : 0.228636127193776,
    "sentKBytesPerSec" : 0.0
  },
  "HTTP Get subscribed loans" : {
    "transaction" : "HTTP Get subscribed loans",
    "sampleCount" : 1,
    "errorCount" : 0,
    "errorPct" : 0.0,
    "meanResTime" : 2118.0,
    "medianResTime" : 2118.0,
    "minResTime" : 2118.0,
    "maxResTime" : 2118.0,
    "pct1ResTime" : 2118.0,
    "pct2ResTime" : 2118.0,
    "pct3ResTime" : 2118.0,
    "throughput" : 0.47214353163361666,
    "receivedKBytesPerSec" : 0.8119577726628896,
    "sentKBytesPerSec" : 0.0
  },
  "HTTP Detail: 6b86b273ff34fce19d6b804eff5a3f5747ada4eaa22f1d49c01e52ddb7875b4b" : {
    "transaction" : "HTTP Detail: 6b86b273ff34fce19d6b804eff5a3f5747ada4eaa22f1d49c01e52ddb7875b4b",
    "sampleCount" : 2,
    "errorCount" : 0,
    "errorPct" : 0.0,
    "meanResTime" : 3612.0,
    "medianResTime" : 3612.0,
    "minResTime" : 628.0,
    "maxResTime" : 6596.0,
    "pct1ResTime" : 6596.0,
    "pct2ResTime" : 6596.0,
    "pct3ResTime" : 6596.0,
    "throughput" : 0.045698617616817094,
    "receivedKBytesPerSec" : 0.0931823374842911,
    "sentKBytesPerSec" : 0.04547547983548498
  },
  "HTTP Detailed Movs: d4735e3a265e16eee03f59718b9b5d03019c07d8b6c51f90da3a666eec13ab35" : {
    "transaction" : "HTTP Detailed Movs: d4735e3a265e16eee03f59718b9b5d03019c07d8b6c51f90da3a666eec13ab35",
    "sampleCount" : 1,
    "errorCount" : 0,
    "errorPct" : 0.0,
    "meanResTime" : 716.0,
    "medianResTime" : 716.0,
    "minResTime" : 716.0,
    "maxResTime" : 716.0,
    "pct1ResTime" : 716.0,
    "pct2ResTime" : 716.0,
    "pct3ResTime" : 716.0,
    "throughput" : 1.3966480446927374,
    "receivedKBytesPerSec" : 2.4332227653631286,
    "sentKBytesPerSec" : 1.5221281424581006
  },
  "HTTP Delete Token" : {
    "transaction" : "HTTP Delete Token",
    "sampleCount" : 1,
    "errorCount" : 0,
    "errorPct" : 0.0,
    "meanResTime" : 160.0,
    "medianResTime" : 160.0,
    "minResTime" : 160.0,
    "maxResTime" : 160.0,
    "pct1ResTime" : 160.0,
    "pct2ResTime" : 160.0,
    "pct3ResTime" : 160.0,
    "throughput" : 6.25,
    "receivedKBytesPerSec" : 10.1318359375,
    "sentKBytesPerSec" : 0.0
  },
  "HTTP Detail: 4e07408562bedb8b60ce05c1decfe3ad16b72230967de01f640b7e4729b49fce" : {
    "transaction" : "HTTP Detail: 4e07408562bedb8b60ce05c1decfe3ad16b72230967de01f640b7e4729b49fce",
    "sampleCount" : 2,
    "errorCount" : 0,
    "errorPct" : 0.0,
    "meanResTime" : 630.0,
    "medianResTime" : 630.0,
    "minResTime" : 629.0,
    "maxResTime" : 631.0,
    "pct1ResTime" : 631.0,
    "pct2ResTime" : 631.0,
    "pct3ResTime" : 631.0,
    "throughput" : 0.06190034045187249,
    "receivedKBytesPerSec" : 0.1265209107087589,
    "sentKBytesPerSec" : 0.061598092695759825
  },
  "HTTP Detail: 7902699be42c8a8e46fbbb4501726517e86b22c56a189f7625a6da49081b2451" : {
    "transaction" : "HTTP Detail: 7902699be42c8a8e46fbbb4501726517e86b22c56a189f7625a6da49081b2451",
    "sampleCount" : 2,
    "errorCount" : 0,
    "errorPct" : 0.0,
    "meanResTime" : 990.0,
    "medianResTime" : 990.0,
    "minResTime" : 639.0,
    "maxResTime" : 1341.0,
    "pct1ResTime" : 1341.0,
    "pct2ResTime" : 1341.0,
    "pct3ResTime" : 1341.0,
    "throughput" : 0.05286110744020087,
    "receivedKBytesPerSec" : 0.11047145500198229,
    "sentKBytesPerSec" : 0.05260299656402802
  },
  "HTTP Transfiya credit" : {
    "transaction" : "HTTP Transfiya credit",
    "sampleCount" : 2,
    "errorCount" : 0,
    "errorPct" : 0.0,
    "meanResTime" : 1854.0,
    "medianResTime" : 1854.0,
    "minResTime" : 1688.0,
    "maxResTime" : 2020.0,
    "pct1ResTime" : 2020.0,
    "pct2ResTime" : 2020.0,
    "pct3ResTime" : 2020.0,
    "throughput" : 0.042643014008230104,
    "receivedKBytesPerSec" : 0.07491677949297455,
    "sentKBytesPerSec" : 0.0
  },