{
  "HTTP Detailed Movs: 6b86b273ff34fce19d6b804eff5a3f5747ada4eaa22f1d49c01e52ddb7875b4b" : {
    "transaction" : "HTTP Detailed Movs: 6b86b273ff34fce19d6b804eff5a3f5747ada4eaa22f1d49c01e52ddb7875b4b",
    "sampleCount" : 2,
    "errorCount" : 0,
    "errorPct" : 0.0,
    "meanResTime" : 840.0,
    "medianResTime" : 840.0,
    "minResTime" : 748.0,
    "maxResTime" : 932.0,
    "pct1ResTime" : 932.0,
    "pct2ResTime" : 932.0,
    "pct3ResTime" : 932.0,
    "throughput" : 0.05273705305347537,
    "receivedKBytesPerSec" : 0.09187783461660162,
    "sentKBytesPerSec" : 0.05747514766374855
  },
  "HTTP Get transfer history" : {
    "transaction" : "HTTP Get transfer history",
    "sampleCount" : 1,
    "errorCount" : 0,
    "errorPct" : 0.0,
    "meanResTime" : 957.0,
    "medianResTime" : 957.0,
    "minResTime" : 957.0,
    "maxResTime" : 957.0,
    "pct1ResTime" : 957.0,
    "pct2ResTime" : 957.0,
    "pct3ResTime" : 957.0,
    "throughput" : 1.0449320794148382,
    "receivedKBytesPerSec" : 1.8296515804597702,
    "sentKBytesPerSec" : 0.0
  },
  "HTTP Get Basic Data" : {
    "transaction" : "HTTP Get Basic Data",
    "sampleCount" : 2,
    "errorCount" : 0,
    "errorPct" : 0.0,
    "meanResTime" : 857.0,
    "medianResTime" : 857.0,
    "minResTime" : 752.0,
    "maxResTime" : 962.0,
    "pct1ResTime" : 962.0,
    "pct2ResTime" : 962.0,
    "pct3ResTime" : 962.0,
    "throughput" : 0.049344945843921934,
    "receivedKBytesPerSec" : 0.08606452468480916,
    "sentKBytesPerSec" : 0.0
  },
  "HTTP Detailed Movs: 4b227777d4dd1fc61c6f884f48641d02b4d121d3fd328cb08b5531fcacdabf8a" : {
    "transaction" : "HTTP Detailed Movs: 4b227777d4dd1fc61c6f884f48641d02b4d121d3fd328cb08b5531fcacdabf8a",
    "sampleCount" : 2,
    "errorCount" : 0,
    "errorPct" : 0.0,
    "meanResTime" : 3528.5,
    "medianResTime" : 3528.5,
    "minResTime" : 2332.0,
    "maxResTime" : 4725.0,
    "pct1ResTime" : 4725.0,
    "pct2ResTime" : 4725.0,
    "pct3ResTime" : 4725.0,
    "throughput" : 0.05452265416280465,
    "receivedKBytesPerSec" : 0.09498868654926121,
    "sentKBytesPerSec" : 0.05942117387274412
  },
  "HTTP Detail: d4735e3a265e16eee03f59718b9b5d03019c07d8b6c51f90da3a666eec13ab35" : {
    "transaction" : "HTTP Detail: d4735e3a265e16eee03f59718b9b5d03019c07d8b6c51f90da3a666eec13ab35",
    "sampleCount" : 1,
    "errorCount" : 0,
    "errorPct" : 0.0,
    "meanResTime" : 656.0,
    "medianResTime" : 656.0,
    "minResTime" : 656.0,
    "maxResTime" : 656.0,
    "pct1ResTime" : 656.0,
    "pct2ResTime" : 656.0,
    "pct3ResTime" : 656.0,
    "throughput" : 1.524390243902439,
    "receivedKBytesPerSec" : 2.9549947599085367,
    "sentKBytesPerSec" : 1.516946932164634
  },
  "HTTP Detailed Movs: ef2d127de37b942baad06145e54b0c619a1f22327b2ebbcfbec78f5564afe39d" : {
    "transaction" : "HTTP Detailed Movs: ef2d127de37b942baad06145e54b0c619a1f22327b2ebbcfbec78f5564afe39d",
    "sampleCount" : 2,
    "errorCount" : 0,
    "errorPct" : 0.0,
    "meanResTime" : 3182.0,
    "medianResTime" : 3182.0,
    "minResTime" : 836.0,
    "maxResTime" : 5528.0,
    "pct1ResTime" : 5528.0,
    "pct2ResTime" : 5528.0,
    "pct3ResTime" : 5528.0,
    "throughput" : 0.05014290728576443,
    "receivedKBytesPerSec" : 0.08735834628691772,
    "sentKBytesPerSec" : 0.054647934112219826
  },
  "HTTP Get Secure data" : {
    "transaction" : "HTTP Get Secure data",
    "sampleCount" : 2,
    "errorCount" : 0,
    "errorPct" : 0.0,
    "meanResTime" : 720.0,
    "medianResTime" : 720.0,
    "minResTime" : 687.0,
    "maxResTime" : 753.0,
    "pct1ResTime" : 753.0,
    "pct2ResTime" : 753.0,
    "pct3ResTime" : 753.0,
    "throughput" : 0.04968450340338848,
    "receivedKBytesPerSec" : 0.09888380657822826,
    "sentKBytesPerSec" : 0.0
  },
  "HTTP Get Customer Movements" : {
    "transaction" : "HTTP Get Customer Movements",
    "sampleCount" : 2,
    "errorCount" : 0,
    "errorPct" : 0.0,
    "meanResTime" : 924.0,
    "medianResTime" : 924.0,
    "minResTime" : 800.0,
    "maxResTime" : 1048.0,
    "pct1ResTime" : 1048.0,
    "pct2ResTime" : 1048.0,
    "pct3ResTime" : 1048.0,
    "throughput" : 0.05214036185411127,
    "receivedKBytesPerSec" : 0.26355323530945307,
    "sentKBytesPerSec" : 0.0
  },
  "HTTP Get subscribed loans" : {
    "transaction" : "HTTP Get subscribed loans",
    "sampleCount" : 1,
    "errorCount" : 0,
    "errorPct" : 0.0,
    "meanResTime" : 2677.0,
    "medianResTime" : 2677.0,
    "minResTime" : 2677.0,
    "maxResTime" : 2677.0,
    "pct1ResTime" : 2677.0,
    "pct2ResTime" : 2677.0,
    "pct3ResTime" : 2677.0,
    "throughput" : 0.3735524841240194,
    "receivedKBytesPerSec" : 0.6424081294359357,
    "sentKBytesPerSec" : 0.0
  },
  "HTTP Detail: 6b86b273ff34fce19d6b804eff5a3f5747ada4eaa22f1d49c01e52ddb7875b4b" : {
    "transaction" : "HTTP Detail: 6b86b273ff34fce19d6b804eff5a3f5747ada4eaa22f1d49c01e52ddb7875b4b",
    "sampleCount" : 2,
    "errorCount" : 0,
    "errorPct" : 0.0,
    "meanResTime" : 1003.0,
    "medianResTime" : 1003.0,
    "minResTime" : 702.0,
    "maxResTime" : 1304.0,
    "pct1ResTime" : 1304.0,
    "pct2ResTime" : 1304.0,
    "pct3ResTime" : 1304.0,
    "throughput" : 0.05305602716468591,
    "receivedKBytesPerSec" : 0.10818455539049236,
    "sentKBytesPerSec" : 0.05279696453204585
  },
  "HTTP Detailed Movs: d4735e3a265e16eee03f59718b9b5d03019c07d8b6c51f90da3a666eec13ab35" : {
    "transaction" : "HTTP Detailed Movs: d4735e3a265e16eee03f59718b9b5d03019c07d8b6c51f90da3a666eec13ab35",
    "sampleCount" : 1,
    "errorCount" : 0,
    "errorPct" : 0.0,
    "meanResTime" : 743.0,
    "medianResTime" : 743.0,
    "minResTime" : 743.0,
    "maxResTime" : 743.0,
    "pct1ResTime" : 743.0,
    "pct2ResTime" : 743.0,
    "pct3ResTime" : 743.0,
    "throughput" : 1.3458950201884252,
    "receivedKBytesPerSec" : 2.3448014804845223,
    "sentKBytesPerSec" : 1.4668152759084792
  },
  "HTTP Delete Token" : {
    "transaction" : "HTTP Delete Token",
    "sampleCount" : 1,
    "errorCount" : 0,
    "errorPct" : 0.0,
    "meanResTime" : 227.0,
    "medianResTime" : 227.0,
    "minResTime" : 227.0,
    "maxResTime" : 227.0,
    "pct1ResTime" : 227.0,
    "pct2ResTime" : 227.0,
    "pct3ResTime" : 227.0,
    "throughput" : 4.405286343612335,
    "receivedKBytesPerSec" : 7.141382158590308,
    "sentKBytesPerSec" : 0.0
  },
  "HTTP Detail: 4e07408562bedb8b60ce05c1decfe3ad16b72230967de01f640b7e4729b49fce" : {
    "transaction" : "HTTP Detail: 4e07408562bedb8b60ce05c1decfe3ad16b72230967de01f640b7e4729b49fce",
    "sampleCount" : 2,
    "errorCount" : 0,
    "errorPct" : 0.0,
    "meanResTime" : 700.0,
    "medianResTime" : 700.0,
    "minResTime" : 699.0,
    "maxResTime" : 701.0,
    "pct1ResTime" : 701.0,
    "pct2ResTime" : 701.0,
    "pct3ResTime" : 701.0,
    "throughput" : 0.06125574272588055,
    "receivedKBytesPerSec" : 0.12520338820826954,
    "sentKBytesPerSec" : 0.06095664241960184
  },
  "HTTP Detail: 7902699be42c8a8e46fbbb4501726517e86b22c56a189f7625a6da49081b2451" : {
    "transaction" : "HTTP Detail: 7902699be42c8a8e46fbbb4501726517e86b22c56a189f7625a6da49081b2451",
    "sampleCount" : 2,
    "errorCount" : 0,
    "errorPct" : 0.0,
    "meanResTime" : 972.0,
    "medianResTime" : 972.0,
    "minResTime" : 619.0,
    "maxResTime" : 1325.0,
    "pct1ResTime" : 1325.0,
    "pct2ResTime" : 1325.0,
    "pct3ResTime" : 1325.0,
    "throughput" : 0.060188389659634654,
    "receivedKBytesPerSec" : 0.12578432995275213,
    "sentKBytesPerSec" : 0.059894501038249726
  },
  "HTTP Transfiya credit" : {
    "transaction" : "HTTP Transfiya credit",
    "sampleCount" : 2,
    "errorCount" : 0,
    "errorPct" : 0.0,
    "meanResTime" : 1886.0,
    "medianResTime" : 1886.0,
    "minResTime" : 1794.0,
    "maxResTime" : 1978.0,
    "pct1ResTime" : 1978.0,
    "pct2ResTime" : 1978.0,
    "pct3ResTime" : 1978.0,
    "throughput" : 0.04856254856254856,
    "receivedKBytesPerSec" : 0.08531643053127429,
    "sentKBytesPerSec" : 0.0
  },