{
  "HTTP Detailed Movs: 6b86b273ff34fce19d6b804eff5a3f5747ada4eaa22f1d49c01e52ddb7875b4b" : {
    "transaction" : "HTTP Detailed Movs: 6b86b273ff34fce19d6b804eff5a3f5747ada4eaa22f1d49c01e52ddb7875b4b",
    "sampleCount" : 112,
    "errorCount" : 1,
    "errorPct" : 0.89285713,
    "meanResTime" : 1431.0892857142856,
    "medianResTime" : 1129.0,
    "minResTime" : 35.0,
    "maxResTime" : 7434.0,
    "pct1ResTime" : 2326.3,
    "pct2ResTime" : 3200.9,
    "pct3ResTime" : 7303.740000000004,
    "throughput" : 0.3978261641743331,
    "receivedKBytesPerSec" : 0.6885957147106881,
    "sentKBytesPerSec" : 0.4335683586118709
  },
  "HTTP Get transfer history" : {
    "transaction" : "HTTP Get transfer history",
    "sampleCount" : 117,
    "errorCount" : 12,
    "errorPct" : 10.256411,
    "meanResTime" : 1233.8461538461531,
    "medianResTime" : 989.0,
    "minResTime" : 27.0,
    "maxResTime" : 5521.0,
    "pct1ResTime" : 2523.6000000000004,
    "pct2ResTime" : 3012.999999999998,
    "pct3ResTime" : 5503.36,
    "throughput" : 0.4565978387702298,
    "receivedKBytesPerSec" : 0.7398563387585222,
    "sentKBytesPerSec" : 0.0
  },
  "HTTP Get Basic Data" : {
    "transaction" : "HTTP Get Basic Data",
    "sampleCount" : 131,
    "errorCount" : 13,
    "errorPct" : 9.923664,
    "meanResTime" : 1125.8015267175574,
    "medianResTime" : 872.0,
    "minResTime" : 23.0,
    "maxResTime" : 4808.0,
    "pct1ResTime" : 2137.3999999999996,
    "pct2ResTime" : 2471.399999999999,
    "pct3ResTime" : 4763.200000000001,
    "throughput" : 0.43589803313490544,
    "receivedKBytesPerSec" : 0.7054780123132876,
    "sentKBytesPerSec" : 0.0
  },
  "HTTP Detailed Movs: 4b227777d4dd1fc61c6f884f48641d02b4d121d3fd328cb08b5531fcacdabf8a" : {
    "transaction" : "HTTP Detailed Movs: 4b227777d4dd1fc61c6f884f48641d02b4d121d3fd328cb08b5531fcacdabf8a",
    "sampleCount" : 112,
    "errorCount" : 3,
    "errorPct" : 2.6785715,
    "meanResTime" : 1274.0624999999998,
    "medianResTime" : 1096.0,
    "minResTime" : 24.0,
    "maxResTime" : 4756.0,
    "pct1ResTime" : 2209.6000000000004,
    "pct2ResTime" : 2768.45,
    "pct3ResTime" : 4721.290000000001,
    "throughput" : 0.41079058849419575,
    "receivedKBytesPerSec" : 0.7017588977883329,
    "sentKBytesPerSec" : 0.4476975554292212
  },
  "HTTP Detail: d4735e3a265e16eee03f59718b9b5d03019c07d8b6c51f90da3a666eec13ab35" : {
    "transaction" : "HTTP Detail: d4735e3a265e16eee03f59718b9b5d03019c07d8b6c51f90da3a666eec13ab35",
    "sampleCount" : 111,
    "errorCount" : 7,
    "errorPct" : 6.3063064,
    "meanResTime" : 1350.387387387388,
    "medianResTime" : 1012.0,
    "minResTime" : 23.0,
    "maxResTime" : 4915.0,
    "pct1ResTime" : 2686.7999999999997,
    "pct2ResTime" : 3802.799999999999,
    "pct3ResTime" : 4855.119999999998,
    "throughput" : 0.4136604853616362,
    "receivedKBytesPerSec" : 0.7637601214056258,
    "sentKBytesPerSec" : 0.41164065877295625
  },
  "HTTP Detailed Movs: ef2d127de37b942baad06145e54b0c619a1f22327b2ebbcfbec78f5564afe39d" : {
    "transaction" : "HTTP Detailed Movs: ef2d127de37b942baad06145e54b0c619a1f22327b2ebbcfbec78f5564afe39d",
    "sampleCount" : 111,
    "errorCount" : 4,
    "errorPct" : 3.6036036,
    "meanResTime" : 1302.1801801801794,
    "medianResTime" : 1158.0,
    "minResTime" : 23.0,
    "maxResTime" : 4923.0,
    "pct1ResTime" : 2104.0,
    "pct2ResTime" : 2398.2,
    "pct3ResTime" : 4869.839999999998,
    "throughput" : 0.4103254139296237,
    "receivedKBytesPerSec" : 0.6961640811852859,
    "sentKBytesPerSec" : 0.44719058783736326
  },
  "HTTP Get Secure data" : {
    "transaction" : "HTTP Get Secure data",
    "sampleCount" : 130,
    "errorCount" : 8,
    "errorPct" : 6.1538463,
    "meanResTime" : 1166.6307692307691,
    "medianResTime" : 1035.0,
    "minResTime" : 22.0,
    "maxResTime" : 4396.0,
    "pct1ResTime" : 1988.6000000000004,
    "pct2ResTime" : 2170.15,
    "pct3ResTime" : 4103.669999999998,
    "throughput" : 0.43404371821881815,
    "receivedKBytesPerSec" : 0.8234440576076177,
    "sentKBytesPerSec" : 0.0
  },
  "HTTP Get Customer Movements" : {
    "transaction" : "HTTP Get Customer Movements",
    "sampleCount" : 124,
    "errorCount" : 7,
    "errorPct" : 5.645161,
    "meanResTime" : 1586.193548387097,
    "medianResTime" : 1288.5,
    "minResTime" : 22.0,
    "maxResTime" : 7524.0,
    "pct1ResTime" : 2614.5,
    "pct2ResTime" : 3974.5,
    "pct3ResTime" : 7427.75,
    "throughput" : 0.4347155417817728,
    "receivedKBytesPerSec" : 2.1639368400387036,
    "sentKBytesPerSec" : 0.0
  },
  "HTTP Get subscribed loans" : {
    "transaction" : "HTTP Get subscribed loans",
    "sampleCount" : 121,
    "errorCount" : 15,
    "errorPct" : 12.396694,
    "meanResTime" : 4177.6776859504125,
    "medianResTime" : 3750.0,
    "minResTime" : 23.0,
    "maxResTime" : 15303.0,
    "pct1ResTime" : 7821.4,
    "pct2ResTime" : 8602.799999999997,
    "pct3ResTime" : 15189.26,
    "throughput" : 0.45523120854480265,
    "receivedKBytesPerSec" : 0.7127720629592287,
    "sentKBytesPerSec" : 0.0
  },
  "HTTP Detail: 6b86b273ff34fce19d6b804eff5a3f5747ada4eaa22f1d49c01e52ddb7875b4b" : {
    "transaction" : "HTTP Detail: 6b86b273ff34fce19d6b804eff5a3f5747ada4eaa22f1d49c01e52ddb7875b4b",
    "sampleCount" : 112,
    "errorCount" : 0,
    "errorPct" : 0.0,
    "meanResTime" : 1392.8214285714287,
    "medianResTime" : 1125.0,
    "minResTime" : 619.0,
    "maxResTime" : 8082.0,
    "pct1ResTime" : 2194.2000000000003,
    "pct2ResTime" : 3277.4499999999966,
    "pct3ResTime" : 7669.510000000015,
    "throughput" : 0.3984701592101752,
    "receivedKBytesPerSec" : 0.812505559014498,
    "sentKBytesPerSec" : 0.3965245041359068
  },
  "HTTP Detailed Movs: d4735e3a265e16eee03f59718b9b5d03019c07d8b6c51f90da3a666eec13ab35" : {
    "transaction" : "HTTP Detailed Movs: d4735e3a265e16eee03f59718b9b5d03019c07d8b6c51f90da3a666eec13ab35",
    "sampleCount" : 111,
    "errorCount" : 3,
    "errorPct" : 2.7027028,
    "meanResTime" : 1266.216216216216,
    "medianResTime" : 1055.0,
    "minResTime" : 28.0,
    "maxResTime" : 4779.0,
    "pct1ResTime" : 2078.6,
    "pct2ResTime" : 2798.399999999995,
    "pct3ResTime" : 4747.199999999999,
    "throughput" : 0.4123374331809047,
    "receivedKBytesPerSec" : 0.7042755572591819,
    "sentKBytesPerSec" : 0.4493833744432516
  },
  "HTTP Delete Token" : {
    "transaction" : "HTTP Delete Token",
    "sampleCount" : 1,
    "errorCount" : 1,
    "errorPct" : 100.0,
    "meanResTime" : 27.0,
    "medianResTime" : 27.0,
    "minResTime" : 27.0,
    "maxResTime" : 27.0,
    "pct1ResTime" : 27.0,
    "pct2ResTime" : 27.0,
    "pct3ResTime" : 27.0,
    "throughput" : 37.03703703703704,
    "receivedKBytesPerSec" : 17.686631944444446,
    "sentKBytesPerSec" : 0.0
  },
  "HTTP Detail: 4e07408562bedb8b60ce05c1decfe3ad16b72230967de01f640b7e4729b49fce" : {
    "transaction" : "HTTP Detail: 4e07408562bedb8b60ce05c1decfe3ad16b72230967de01f640b7e4729b49fce",
    "sampleCount" : 112,
    "errorCount" : 3,
    "errorPct" : 2.6785715,
    "meanResTime" : 1176.3392857142865,
    "medianResTime" : 931.0,
    "minResTime" : 27.0,
    "maxResTime" : 6207.0,
    "pct1ResTime" : 2156.600000000001,
    "pct2ResTime" : 2542.4999999999995,
    "pct3ResTime" : 5841.440000000013,
    "throughput" : 0.4097056338182736,
    "receivedKBytesPerSec" : 0.8202257633510994,
    "sentKBytesPerSec" : 0.4077051180281453
  },
  "HTTP Detail: 7902699be42c8a8e46fbbb4501726517e86b22c56a189f7625a6da49081b2451" : {
    "transaction" : "HTTP Detail: 7902699be42c8a8e46fbbb4501726517e86b22c56a189f7625a6da49081b2451",
    "sampleCount" : 112,
    "errorCount" : 3,
    "errorPct" : 2.6785715,
    "meanResTime" : 1261.2232142857144,
    "medianResTime" : 1032.5,
    "minResTime" : 28.0,
    "maxResTime" : 4598.0,
    "pct1ResTime" : 2212.6000000000004,
    "pct2ResTime" : 2688.399999999995,
    "pct3ResTime" : 4471.120000000004,
    "throughput" : 0.403530895334174,
    "receivedKBytesPerSec" : 0.8231449006935687,