{
  "HTTP Detailed Movs: 6b86b273ff34fce19d6b804eff5a3f5747ada4eaa22f1d49c01e52ddb7875b4b" : {
    "transaction" : "HTTP Detailed Movs: 6b86b273ff34fce19d6b804eff5a3f5747ada4eaa22f1d49c01e52ddb7875b4b",
    "sampleCount" : 70,
    "errorCount" : 0,
    "errorPct" : 0.0,
    "meanResTime" : 1155.9714285714283,
    "medianResTime" : 1020.0,
    "minResTime" : 751.0,
    "maxResTime" : 3255.0,
    "pct1ResTime" : 1620.1,
    "pct2ResTime" : 2190.25,
    "pct3ResTime" : 3255.0,
    "throughput" : 0.25574232864350616,
    "receivedKBytesPerSec" : 0.44555108818360833,
    "sentKBytesPerSec" : 0.27871917848257116
  },
  "HTTP Get transfer history" : {
    "transaction" : "HTTP Get transfer history",
    "sampleCount" : 62,
    "errorCount" : 0,
    "errorPct" : 0.0,
    "meanResTime" : 1542.1451612903227,
    "medianResTime" : 1320.5,
    "minResTime" : 676.0,
    "maxResTime" : 4248.0,
    "pct1ResTime" : 2572.7000000000003,
    "pct2ResTime" : 3328.199999999999,
    "pct3ResTime" : 4248.0,
    "throughput" : 0.23659336088501182,
    "receivedKBytesPerSec" : 0.41426942975275993,
    "sentKBytesPerSec" : 0.0
  },
  "HTTP Get Basic Data" : {
    "transaction" : "HTTP Get Basic Data",
    "sampleCount" : 70,
    "errorCount" : 0,
    "errorPct" : 0.0,
    "meanResTime" : 815.7714285714287,
    "medianResTime" : 791.5,
    "minResTime" : 660.0,
    "maxResTime" : 1223.0,
    "pct1ResTime" : 971.8,
    "pct2ResTime" : 1023.6500000000002,
    "pct3ResTime" : 1223.0,
    "throughput" : 0.2568081679672166,
    "receivedKBytesPerSec" : 0.44790955858344617,
    "sentKBytesPerSec" : 0.0
  },
  "HTTP Detailed Movs: 4b227777d4dd1fc61c6f884f48641d02b4d121d3fd328cb08b5531fcacdabf8a" : {
    "transaction" : "HTTP Detailed Movs: 4b227777d4dd1fc61c6f884f48641d02b4d121d3fd328cb08b5531fcacdabf8a",
    "sampleCount" : 70,
    "errorCount" : 0,
    "errorPct" : 0.0,
    "meanResTime" : 936.3142857142857,
    "medianResTime" : 900.5,
    "minResTime" : 720.0,
    "maxResTime" : 2116.0,
    "pct1ResTime" : 1153.5,
    "pct2ResTime" : 1276.1000000000004,
    "pct3ResTime" : 2116.0,
    "throughput" : 0.2584380007236264,
    "receivedKBytesPerSec" : 0.45024745438569286,
    "sentKBytesPerSec" : 0.2816570398511397
  },
  "HTTP Detail: d4735e3a265e16eee03f59718b9b5d03019c07d8b6c51f90da3a666eec13ab35" : {
    "transaction" : "HTTP Detail: d4735e3a265e16eee03f59718b9b5d03019c07d8b6c51f90da3a666eec13ab35",
    "sampleCount" : 70,
    "errorCount" : 0,
    "errorPct" : 0.0,
    "meanResTime" : 1340.3571428571433,
    "medianResTime" : 1221.5,
    "minResTime" : 611.0,
    "maxResTime" : 4216.0,
    "pct1ResTime" : 2010.8,
    "pct2ResTime" : 2518.6000000000013,
    "pct3ResTime" : 4216.0,
    "throughput" : 0.2557217747091165,
    "receivedKBytesPerSec" : 0.4957106667945275,
    "sentKBytesPerSec" : 0.2544731332310446
  },
  "HTTP Detailed Movs: ef2d127de37b942baad06145e54b0c619a1f22327b2ebbcfbec78f5564afe39d" : {
    "transaction" : "HTTP Detailed Movs: ef2d127de37b942baad06145e54b0c619a1f22327b2ebbcfbec78f5564afe39d",
    "sampleCount" : 70,
    "errorCount" : 0,
    "errorPct" : 0.0,
    "meanResTime" : 1021.2142857142861,
    "medianResTime" : 922.5,
    "minResTime" : 706.0,
    "maxResTime" : 2354.0,
    "pct1ResTime" : 1420.1,
    "pct2ResTime" : 1684.350000000001,
    "pct3ResTime" : 2354.0,
    "throughput" : 0.2579741657299748,
    "receivedKBytesPerSec" : 0.44943936685769037,
    "sentKBytesPerSec" : 0.2811515321822771
  },
  "HTTP Get Secure data" : {
    "transaction" : "HTTP Get Secure data",
    "sampleCount" : 70,
    "errorCount" : 0,
    "errorPct" : 0.0,
    "meanResTime" : 795.1142857142856,
    "medianResTime" : 787.0,
    "minResTime" : 607.0,
    "maxResTime" : 1317.0,
    "pct1ResTime" : 950.6999999999999,
    "pct2ResTime" : 1039.9500000000003,
    "pct3ResTime" : 1317.0,
    "throughput" : 0.25716573964540523,
    "receivedKBytesPerSec" : 0.5118200951145857,
    "sentKBytesPerSec" : 0.0
  },
  "HTTP Get Customer Movements" : {
    "transaction" : "HTTP Get Customer Movements",
    "sampleCount" : 70,
    "errorCount" : 0,
    "errorPct" : 0.0,
    "meanResTime" : 1537.6857142857143,
    "medianResTime" : 1306.5,
    "minResTime" : 843.0,
    "maxResTime" : 3355.0,
    "pct1ResTime" : 2385.8999999999996,
    "pct2ResTime" : 2907.7000000000003,
    "pct3ResTime" : 3355.0,
    "throughput" : 0.25529276609712065,
    "receivedKBytesPerSec" : 1.3395390939842085,
    "sentKBytesPerSec" : 0.0
  },
  "HTTP Get subscribed loans" : {
    "transaction" : "HTTP Get subscribed loans",
    "sampleCount" : 66,
    "errorCount" : 0,
    "errorPct" : 0.0,
    "meanResTime" : 5855.727272727273,
    "medianResTime" : 5357.0,
    "minResTime" : 3001.0,
    "maxResTime" : 9589.0,
    "pct1ResTime" : 8324.3,
    "pct2ResTime" : 9049.55,
    "pct3ResTime" : 9589.0,
    "throughput" : 0.23920323576740748,
    "receivedKBytesPerSec" : 0.4113641583851607,
    "sentKBytesPerSec" : 0.0
  },
  "HTTP Detail: 6b86b273ff34fce19d6b804eff5a3f5747ada4eaa22f1d49c01e52ddb7875b4b" : {
    "transaction" : "HTTP Detail: 6b86b273ff34fce19d6b804eff5a3f5747ada4eaa22f1d49c01e52ddb7875b4b",
    "sampleCount" : 70,
    "errorCount" : 0,
    "errorPct" : 0.0,
    "meanResTime" : 996.0571428571429,
    "medianResTime" : 840.0,
    "minResTime" : 633.0,
    "maxResTime" : 2540.0,
    "pct1ResTime" : 1725.2999999999997,
    "pct2ResTime" : 2029.5500000000013,
    "pct3ResTime" : 2540.0,
    "throughput" : 0.25601732140048794,
    "receivedKBytesPerSec" : 0.5220353194181824,
    "sentKBytesPerSec" : 0.2547672368233371
  },
  "HTTP Detailed Movs: d4735e3a265e16eee03f59718b9b5d03019c07d8b6c51f90da3a666eec13ab35" : {
    "transaction" : "HTTP Detailed Movs: d4735e3a265e16eee03f59718b9b5d03019c07d8b6c51f90da3a666eec13ab35",
    "sampleCount" : 70,
    "errorCount" : 0,
    "errorPct" : 0.0,
    "meanResTime" : 1431.5571428571427,
    "medianResTime" : 1127.0,
    "minResTime" : 787.0,
    "maxResTime" : 5403.0,
    "pct1ResTime" : 2405.7999999999997,
    "pct2ResTime" : 2829.1500000000005,
    "pct3ResTime" : 5403.0,
    "throughput" : 0.2567083389870289,
    "receivedKBytesPerSec" : 0.44723405932896443,
    "sentKBytesPerSec" : 0.2797719788178948
  },
  "HTTP Delete Token" : {
    "transaction" : "HTTP Delete Token",
    "sampleCount" : 1,
    "errorCount" : 0,
    "errorPct" : 0.0,
    "meanResTime" : 111.0,
    "medianResTime" : 111.0,
    "minResTime" : 111.0,
    "maxResTime" : 111.0,
    "pct1ResTime" : 111.0,
    "pct2ResTime" : 111.0,
    "pct3ResTime" : 111.0,
    "throughput" : 9.00900900900901,
    "receivedKBytesPerSec" : 14.604448198198199,
    "sentKBytesPerSec" : 0.0
  },
  "HTTP Detail: 4e07408562bedb8b60ce05c1decfe3ad16b72230967de01f640b7e4729b49fce" : {
    "transaction" : "HTTP Detail: 4e07408562bedb8b60ce05c1decfe3ad16b72230967de01f640b7e4729b49fce",
    "sampleCount" : 70,
    "errorCount" : 0,
    "errorPct" : 0.0,
    "meanResTime" : 754.0571428571428,
    "medianResTime" : 747.0,
    "minResTime" : 602.0,
    "maxResTime" : 1080.0,
    "pct1ResTime" : 852.1999999999999,
    "pct2ResTime" : 985.9000000000001,
    "pct3ResTime" : 1080.0,
    "throughput" : 0.25876090492385034,
    "receivedKBytesPerSec" : 0.5288931386773622,
    "sentKBytesPerSec" : 0.2574974239427769
  },
  "HTTP Detail: 7902699be42c8a8e46fbbb4501726517e86b22c56a189f7625a6da49081b2451" : {
    "transaction" : "HTTP Detail: 7902699be42c8a8e46fbbb4501726517e86b22c56a189f7625a6da49081b2451",
    "sampleCount" : 70,
    "errorCount" : 0,
    "errorPct" : 0.0,
    "meanResTime" : 878.857142857143,
    "medianResTime" : 750.5,
    "minResTime" : 628.0,
    "maxResTime" : 2488.0,
    "pct1ResTime" : 1116.7,
    "pct2ResTime" : 2125.7500000000005,
    "pct3ResTime" : 2488.0,
    "throughput" : 0.2573198301689121,
    "receivedKBytesPerSec" : 0.5377582388295623,
    "sentKBytesPerSec" : 0.25606338568566545
  },
  "HTTP Transfiya credit" : {
    "transaction" : "HTTP Transfiya credit",
    "sampleCount" : 70,
    "errorCount" : 0,